tamaño;estrategia;escenario;fase;repetición;lote;ms_por_operación
100;Secuencial;Preparar;Preparación;1;1;0.024299999999996658
100;Secuencial;Preparar;Preparación;2;1;0.0006999999999948159
100;Secuencial;Preparar;Preparación;3;1;0.0011999999999972033
100;Secuencial;Preparar;Preparación;4;1;0.0005000000000023874
100;Secuencial;Preparar;Preparación;5;1;0.00039999999999906777
100;Secuencial;Preparar;Preparación;6;1;0.0006000000000057071
100;Secuencial;Preparar;Preparación;7;1;0.0011999999999972033
100;Secuencial;Preparar;Preparación;8;1;0.0004999999999881766
100;Secuencial;Preparar;Preparación;9;1;0.0015000000000071623
100;Secuencial;Preparar;Preparación;10;1;0.001600000000010482
100;Secuencial;Preparar;Preparación;11;1;0.0008999999999872443
100;Secuencial;Preparar;Preparación;12;1;0.0004999999999881766
100;Secuencial;Preparar;Preparación;13;1;0.0002999999999957481
100;Secuencial;Preparar;Preparación;14;1;0.0004999999999881766
100;Secuencial;Preparar;Preparación;15;1;0.00039999999999906777
100;Secuencial;Preparar;Preparación;16;1;0.00039999999999906777
100;Secuencial;Preparar;Preparación;17;1;0.00030000000000995897
100;Secuencial;Preparar;Preparación;18;1;0.0007999999999981355
100;Secuencial;Preparar;Preparación;19;1;0.00039999999999906777
100;Secuencial;Preparar;Preparación;20;1;0.0005000000000023874
100;Indexada;Preparar;Preparación;1;1;0.0782999999999987
100;Indexada;Preparar;Preparación;2;1;0.017099999999999227
100;Indexada;Preparar;Preparación;3;1;0.014099999999999113
100;Indexada;Preparar;Preparación;4;1;0.013599999999996726
100;Indexada;Preparar;Preparación;5;1;0.017400000000009186
100;Indexada;Preparar;Preparación;6;1;0.05010000000000048
100;Indexada;Preparar;Preparación;7;1;0.014300000000005753
100;Indexada;Preparar;Preparación;8;1;0.013700000000000045
100;Indexada;Preparar;Preparación;9;1;0.014099999999999113
100;Indexada;Preparar;Preparación;10;1;0.01649999999999352
100;Indexada;Preparar;Preparación;11;1;0.015399999999999636
100;Indexada;Preparar;Preparación;12;1;0.021700000000009823
100;Indexada;Preparar;Preparación;13;1;0.048799999999999955
100;Indexada;Preparar;Preparación;14;1;0.01469999999999061
100;Indexada;Preparar;Preparación;15;1;0.016899999999992588
100;Indexada;Preparar;Preparación;16;1;0.016199999999997772
100;Indexada;Preparar;Preparación;17;1;0.011899999999997135
100;Indexada;Preparar;Preparación;18;1;0.015699999999995384
100;Indexada;Preparar;Preparación;19;1;0.011899999999997135
100;Indexada;Preparar;Preparación;20;1;0.010800000000003251
100;Secuencial;Inicio;Consulta preparada;1;1000;0.00017480000000000474
100;Secuencial;Inicio;Consulta preparada;2;1000;0.0005518000000000001
100;Secuencial;Inicio;Consulta preparada;3;1000;0.000054300000000012006
100;Secuencial;Inicio;Consulta preparada;4;1000;0.000057400000000001226
100;Secuencial;Inicio;Consulta preparada;5;1000;0.00005800000000000693
100;Secuencial;Inicio;Consulta preparada;6;1000;0.00011939999999999884
100;Secuencial;Inicio;Consulta preparada;7;1000;0.00011410000000000764
100;Secuencial;Inicio;Consulta preparada;8;1000;0.00006239999999999668
100;Secuencial;Inicio;Consulta preparada;9;1000;0.0000642999999999887
100;Secuencial;Inicio;Consulta preparada;10;1000;0.00004070000000000107
100;Secuencial;Inicio;Consulta preparada;11;1000;0.00003600000000000136
100;Secuencial;Inicio;Consulta preparada;12;1000;0.00011379999999999768
100;Secuencial;Inicio;Consulta preparada;13;1000;0.00004040000000000532
100;Secuencial;Inicio;Consulta preparada;14;1000;0.000041900000000012484
100;Secuencial;Inicio;Consulta preparada;15;1000;0.000045500000000004094
100;Secuencial;Inicio;Consulta preparada;16;1000;0.000024299999999996657
100;Secuencial;Inicio;Consulta preparada;17;1000;0.00002400000000000091
100;Secuencial;Inicio;Consulta preparada;18;1000;0.000019700000000000272
100;Secuencial;Inicio;Consulta preparada;19;1000;0.000018600000000006388
100;Secuencial;Inicio;Consulta preparada;20;1000;0.00002360000000000184
100;Indexada;Inicio;Consulta preparada;1;10000;0.00006426999999999907
100;Indexada;Inicio;Consulta preparada;2;10000;0.00006210000000000093
100;Indexada;Inicio;Consulta preparada;3;10000;0.00006252999999999958
100;Indexada;Inicio;Consulta preparada;4;10000;0.00005628000000000099
100;Indexada;Inicio;Consulta preparada;5;10000;0.00004984000000000037
100;Indexada;Inicio;Consulta preparada;6;10000;0.0001506699999999995
100;Indexada;Inicio;Consulta preparada;7;10000;0.00012147999999999967
100;Indexada;Inicio;Consulta preparada;8;10000;0.00008178000000000053
100;Indexada;Inicio;Consulta preparada;9;10000;0.00004449999999999932
100;Indexada;Inicio;Consulta preparada;10;10000;0.0000364200000000011
100;Indexada;Inicio;Consulta preparada;11;10000;0.000025969999999999516
100;Indexada;Inicio;Consulta preparada;12;10000;0.000026709999999999922
100;Indexada;Inicio;Consulta preparada;13;10000;0.00002878999999999934
100;Indexada;Inicio;Consulta preparada;14;10000;0.000026069999999999993
100;Indexada;Inicio;Consulta preparada;15;10000;0.000029630000000000223
100;Indexada;Inicio;Consulta preparada;16;10000;0.00003366000000000042
100;Indexada;Inicio;Consulta preparada;17;10000;0.00003071999999999946
100;Indexada;Inicio;Consulta preparada;18;10000;0.000026149999999999806
100;Indexada;Inicio;Consulta preparada;19;10000;0.000027469999999999573
100;Indexada;Inicio;Consulta preparada;20;10000;0.000030000000000001136
100;Secuencial;Mitad;Consulta preparada;1;1000;0.00035559999999998127
100;Secuencial;Mitad;Consulta preparada;2;1000;0.00017670000000001096
100;Secuencial;Mitad;Consulta preparada;3;1000;0.00017610000000001946
100;Secuencial;Mitad;Consulta preparada;4;1000;0.00020930000000001314
100;Secuencial;Mitad;Consulta preparada;5;1000;0.00029510000000001926
100;Secuencial;Mitad;Consulta preparada;6;1000;0.00037109999999998425
100;Secuencial;Mitad;Consulta preparada;7;1000;0.00039400000000000546
100;Secuencial;Mitad;Consulta preparada;8;1000;0.00015340000000000487
100;Secuencial;Mitad;Consulta preparada;9;1000;0.00018550000000001887
100;Secuencial;Mitad;Consulta preparada;10;1000;0.00015979999999998995
100;Secuencial;Mitad;Consulta preparada;11;1000;0.000252900000000011
100;Secuencial;Mitad;Consulta preparada;12;1000;0.00021180000000001087
100;Secuencial;Mitad;Consulta preparada;13;1000;0.00021629999999998973
100;Secuencial;Mitad;Consulta preparada;14;1000;0.00017500000000001136
100;Secuencial;Mitad;Consulta preparada;15;1000;0.00017189999999999372
100;Secuencial;Mitad;Consulta preparada;16;1000;0.0003685999999999865
100;Secuencial;Mitad;Consulta preparada;17;1000;0.00039450000000002206
100;Secuencial;Mitad;Consulta preparada;18;1000;0.0003515999999999906
100;Secuencial;Mitad;Consulta preparada;19;1000;0.00039400000000000546
100;Secuencial;Mitad;Consulta preparada;20;1000;0.0001647000000000105
100;Indexada;Mitad;Consulta preparada;1;10000;0.000107650000000001
100;Indexada;Mitad;Consulta preparada;2;10000;0.000059110000000001154
100;Indexada;Mitad;Consulta preparada;3;10000;0.00005218000000000131
100;Indexada;Mitad;Consulta preparada;4;10000;0.00013811000000000034
100;Indexada;Mitad;Consulta preparada;5;10000;0.00006248999999999967
100;Indexada;Mitad;Consulta preparada;6;10000;0.00007673000000000059
100;Indexada;Mitad;Consulta preparada;7;10000;0.00003942000000000121
100;Indexada;Mitad;Consulta preparada;8;10000;0.000028770000000000096
100;Indexada;Mitad;Consulta preparada;9;10000;0.00003050999999999817
100;Indexada;Mitad;Consulta preparada;10;10000;0.000029959999999999808
100;Indexada;Mitad;Consulta preparada;11;10000;0.00004749000000000194
100;Indexada;Mitad;Consulta preparada;12;10000;0.00004227999999999952
100;Indexada;Mitad;Consulta preparada;13;10000;0.00003546000000000049
100;Indexada;Mitad;Consulta preparada;14;10000;0.00003403999999999883
100;Indexada;Mitad;Consulta preparada;15;10000;0.0000640500000000003
100;Indexada;Mitad;Consulta preparada;16;10000;0.0000704400000000021
100;Indexada;Mitad;Consulta preparada;17;10000;0.00007501000000000033
100;Indexada;Mitad;Consulta preparada;18;10000;0.00006491000000000042
100;Indexada;Mitad;Consulta preparada;19;10000;0.00003207000000000164
100;Indexada;Mitad;Consulta preparada;20;10000;0.000031840000000002534
100;Secuencial;Final;Consulta preparada;1;1000;0.0005817000000000121
100;Secuencial;Final;Consulta preparada;2;1000;0.000594600000000014
100;Secuencial;Final;Consulta preparada;3;1000;0.0008075999999999794
100;Secuencial;Final;Consulta preparada;4;1000;0.0005509000000000128
100;Secuencial;Final;Consulta preparada;5;1000;0.0004947999999999979
100;Secuencial;Final;Consulta preparada;6;1000;0.0006247000000000185
100;Secuencial;Final;Consulta preparada;7;1000;0.0006206999999999993
100;Secuencial;Final;Consulta preparada;8;1000;0.00036099999999999
100;Secuencial;Final;Consulta preparada;9;1000;0.0005725000000000193
100;Secuencial;Final;Consulta preparada;10;1000;0.0002800000000000011
100;Secuencial;Final;Consulta preparada;11;1000;0.00027629999999999197
100;Secuencial;Final;Consulta preparada;12;1000;0.0003652000000000157
100;Secuencial;Final;Consulta preparada;13;1000;0.0005651000000000295
100;Secuencial;Final;Consulta preparada;14;1000;0.00044900000000001227
100;Secuencial;Final;Consulta preparada;15;1000;0.00027589999999997873
100;Secuencial;Final;Consulta preparada;16;1000;0.0006218999999999823
100;Secuencial;Final;Consulta preparada;17;1000;0.0006382999999999583
100;Secuencial;Final;Consulta preparada;18;1000;0.0006186999999999898
100;Secuencial;Final;Consulta preparada;19;1000;0.0005138000000000034
100;Secuencial;Final;Consulta preparada;20;1000;0.00034070000000002666
100;Indexada;Final;Consulta preparada;1;10000;0.000041970000000000596
100;Indexada;Final;Consulta preparada;2;10000;0.000038900000000001
100;Indexada;Final;Consulta preparada;3;10000;0.00007150000000000034
100;Indexada;Final;Consulta preparada;4;10000;0.000055389999999999875
100;Indexada;Final;Consulta preparada;5;10000;0.00003334000000000117
100;Indexada;Final;Consulta preparada;6;10000;0.00005260000000000105
100;Indexada;Final;Consulta preparada;7;10000;0.000020459999999999923
100;Indexada;Final;Consulta preparada;8;10000;0.000019750000000001934
100;Indexada;Final;Consulta preparada;9;10000;0.000020349999999999112
100;Indexada;Final;Consulta preparada;10;10000;0.00002032000000000096
100;Indexada;Final;Consulta preparada;11;10000;0.00004053000000000111
100;Indexada;Final;Consulta preparada;12;10000;0.000028980000000001383
100;Indexada;Final;Consulta preparada;13;10000;0.0000569500000000005
100;Indexada;Final;Consulta preparada;14;10000;0.00004893999999999892
100;Indexada;Final;Consulta preparada;15;10000;0.000021359999999998535
100;Indexada;Final;Consulta preparada;16;10000;0.00004985000000000355
100;Indexada;Final;Consulta preparada;17;10000;0.00004739999999999896
100;Indexada;Final;Consulta preparada;18;10000;0.000047289999999998146
100;Indexada;Final;Consulta preparada;19;10000;0.000029239999999998646
100;Indexada;Final;Consulta preparada;20;10000;0.000029379999999997608
100;Secuencial;Inexistente;Consulta preparada;1;1000;0.00012049999999999272
100;Secuencial;Inexistente;Consulta preparada;2;1000;0.00011369999999999436
100;Secuencial;Inexistente;Consulta preparada;3;1000;0.00011299999999999955
100;Secuencial;Inexistente;Consulta preparada;4;1000;0.00011430000000001428
100;Secuencial;Inexistente;Consulta preparada;5;1000;0.00011360000000001946
100;Secuencial;Inexistente;Consulta preparada;6;1000;0.0002735999999999876
100;Secuencial;Inexistente;Consulta preparada;7;1000;0.0002717000000000098
100;Secuencial;Inexistente;Consulta preparada;8;1000;0.0002728999999999928
100;Secuencial;Inexistente;Consulta preparada;9;1000;0.0002710999999999899
100;Secuencial;Inexistente;Consulta preparada;10;1000;0.00021410000000003038
100;Secuencial;Inexistente;Consulta preparada;11;1000;0.00012590000000000146
100;Secuencial;Inexistente;Consulta preparada;12;1000;0.0001210999999999558
100;Secuencial;Inexistente;Consulta preparada;13;1000;0.00011360000000001946
100;Secuencial;Inexistente;Consulta preparada;14;1000;0.00011320000000000618
100;Secuencial;Inexistente;Consulta preparada;15;1000;0.00011439999999998917
100;Secuencial;Inexistente;Consulta preparada;16;1000;0.00012009999999997945
100;Secuencial;Inexistente;Consulta preparada;17;1000;0.00012010000000003629
100;Secuencial;Inexistente;Consulta preparada;18;1000;0.00012139999999999418
100;Secuencial;Inexistente;Consulta preparada;19;1000;0.00012599999999997636
100;Secuencial;Inexistente;Consulta preparada;20;1000;0.00012479999999999336
100;Indexada;Inexistente;Consulta preparada;1;10000;0.00002400000000000091
100;Indexada;Inexistente;Consulta preparada;2;10000;0.000019509999999996806
100;Indexada;Inexistente;Consulta preparada;3;10000;0.0000206799999999987
100;Indexada;Inexistente;Consulta preparada;4;10000;0.00002343000000000188
100;Indexada;Inexistente;Consulta preparada;5;10000;0.000020470000000000256
100;Indexada;Inexistente;Consulta preparada;6;10000;0.00007051999999999907
100;Indexada;Inexistente;Consulta preparada;7;10000;0.00004658999999999764
100;Indexada;Inexistente;Consulta preparada;8;10000;0.000055410000000000535
100;Indexada;Inexistente;Consulta preparada;9;10000;0.00004990999999999985
100;Indexada;Inexistente;Consulta preparada;10;10000;0.00004713999999999601
100;Indexada;Inexistente;Consulta preparada;11;10000;0.00002126999999999839
100;Indexada;Inexistente;Consulta preparada;12;10000;0.000020199999999999817
100;Indexada;Inexistente;Consulta preparada;13;10000;0.000020600000000001727
100;Indexada;Inexistente;Consulta preparada;14;10000;0.000020289999999999963
100;Indexada;Inexistente;Consulta preparada;15;10000;0.000021479999999996837
100;Indexada;Inexistente;Consulta preparada;16;10000;0.000022359999999997628
100;Indexada;Inexistente;Consulta preparada;17;10000;0.000022010000000000218
100;Indexada;Inexistente;Consulta preparada;18;10000;0.000024860000000001036
100;Indexada;Inexistente;Consulta preparada;19;10000;0.00002530999999999608
100;Indexada;Inexistente;Consulta preparada;20;10000;0.000029939999999999144
100;Secuencial;Código final y visibilidad;Servicio completo en memoria;1;1000;0.0037619000000000255
100;Secuencial;Código final y visibilidad;Servicio completo en memoria;2;1000;0.003244599999999991
100;Secuencial;Código final y visibilidad;Servicio completo en memoria;3;1000;0.0028722999999999956
100;Secuencial;Código final y visibilidad;Servicio completo en memoria;4;1000;0.003923000000000002
100;Secuencial;Código final y visibilidad;Servicio completo en memoria;5;1000;0.004826099999999996
100;Secuencial;Código final y visibilidad;Servicio completo en memoria;6;1000;0.002980199999999968
100;Secuencial;Código final y visibilidad;Servicio completo en memoria;7;1000;0.004415400000000034
100;Secuencial;Código final y visibilidad;Servicio completo en memoria;8;1000;0.002844599999999957
100;Secuencial;Código final y visibilidad;Servicio completo en memoria;9;1000;0.002720700000000079
100;Secuencial;Código final y visibilidad;Servicio completo en memoria;10;1000;0.0031152000000000727
100;Secuencial;Código final y visibilidad;Servicio completo en memoria;11;1000;0.003684599999999932
100;Secuencial;Código final y visibilidad;Servicio completo en memoria;12;1000;0.0031334000000000513
100;Secuencial;Código final y visibilidad;Servicio completo en memoria;13;1000;0.002586500000000001
100;Secuencial;Código final y visibilidad;Servicio completo en memoria;14;1000;0.0038641000000000075
100;Secuencial;Código final y visibilidad;Servicio completo en memoria;15;1000;0.004364799999999946
100;Secuencial;Código final y visibilidad;Servicio completo en memoria;16;1000;0.00393870000000004
100;Secuencial;Código final y visibilidad;Servicio completo en memoria;17;1000;0.0027507000000000516
100;Secuencial;Código final y visibilidad;Servicio completo en memoria;18;1000;0.0029517000000000735
100;Secuencial;Código final y visibilidad;Servicio completo en memoria;19;1000;0.003284099999999967
100;Secuencial;Código final y visibilidad;Servicio completo en memoria;20;1000;0.0034821999999999206
100;Indexada;Código final y visibilidad;Servicio completo en memoria;1;1000;0.0003824000000000183
100;Indexada;Código final y visibilidad;Servicio completo en memoria;2;1000;0.0004968000000000074
100;Indexada;Código final y visibilidad;Servicio completo en memoria;3;1000;0.0002721000000000231
100;Indexada;Código final y visibilidad;Servicio completo en memoria;4;1000;0.00017559999999997445
100;Indexada;Código final y visibilidad;Servicio completo en memoria;5;1000;0.0001675999999999931
100;Indexada;Código final y visibilidad;Servicio completo en memoria;6;1000;0.00022759999999999537
100;Indexada;Código final y visibilidad;Servicio completo en memoria;7;1000;0.0003772000000000162
100;Indexada;Código final y visibilidad;Servicio completo en memoria;8;1000;0.00010419999999999164
100;Indexada;Código final y visibilidad;Servicio completo en memoria;9;1000;0.00025199999999995273
100;Indexada;Código final y visibilidad;Servicio completo en memoria;10;1000;0.00013730000000009568
100;Indexada;Código final y visibilidad;Servicio completo en memoria;11;1000;0.00007229999999992742
100;Indexada;Código final y visibilidad;Servicio completo en memoria;12;1000;0.00007939999999996417
100;Indexada;Código final y visibilidad;Servicio completo en memoria;13;1000;0.00007200000000000273
100;Indexada;Código final y visibilidad;Servicio completo en memoria;14;1000;0.00014159999999992579
100;Indexada;Código final y visibilidad;Servicio completo en memoria;15;1000;0.00006910000000004857
100;Indexada;Código final y visibilidad;Servicio completo en memoria;16;1000;0.00019489999999996145
100;Indexada;Código final y visibilidad;Servicio completo en memoria;17;1000;0.00007540000000005875
100;Indexada;Código final y visibilidad;Servicio completo en memoria;18;1000;0.0000904000000000451
100;Indexada;Código final y visibilidad;Servicio completo en memoria;19;1000;0.00010270000000002711
100;Indexada;Código final y visibilidad;Servicio completo en memoria;20;1000;0.0002811000000000377
100;Secuencial;Texto, filtros, orden y página;Servicio completo en memoria;1;10;0.12660000000000765
100;Secuencial;Texto, filtros, orden y página;Servicio completo en memoria;2;10;0.0602800000000002
100;Secuencial;Texto, filtros, orden y página;Servicio completo en memoria;3;10;0.11590999999999667
100;Secuencial;Texto, filtros, orden y página;Servicio completo en memoria;4;10;0.07980999999999767
100;Secuencial;Texto, filtros, orden y página;Servicio completo en memoria;5;10;0.16295999999999822
100;Secuencial;Texto, filtros, orden y página;Servicio completo en memoria;6;10;0.05892000000000053
100;Secuencial;Texto, filtros, orden y página;Servicio completo en memoria;7;10;0.06154000000000224
100;Secuencial;Texto, filtros, orden y página;Servicio completo en memoria;8;10;0.05613999999999351
100;Secuencial;Texto, filtros, orden y página;Servicio completo en memoria;9;10;0.05960000000000036
100;Secuencial;Texto, filtros, orden y página;Servicio completo en memoria;10;10;0.05526999999999589
100;Secuencial;Texto, filtros, orden y página;Servicio completo en memoria;11;10;0.05996000000000094
100;Secuencial;Texto, filtros, orden y página;Servicio completo en memoria;12;10;0.061639999999999875
100;Secuencial;Texto, filtros, orden y página;Servicio completo en memoria;13;10;0.06290000000000191
100;Secuencial;Texto, filtros, orden y página;Servicio completo en memoria;14;10;0.06779999999999972
100;Secuencial;Texto, filtros, orden y página;Servicio completo en memoria;15;10;0.060500000000001816
100;Secuencial;Texto, filtros, orden y página;Servicio completo en memoria;16;10;0.05711999999999762
100;Secuencial;Texto, filtros, orden y página;Servicio completo en memoria;17;10;0.062409999999999854
100;Secuencial;Texto, filtros, orden y página;Servicio completo en memoria;18;10;0.0728399999999965
100;Secuencial;Texto, filtros, orden y página;Servicio completo en memoria;19;10;0.06052999999999429
100;Secuencial;Texto, filtros, orden y página;Servicio completo en memoria;20;10;0.13211999999999763
100;Indexada;Texto, filtros, orden y página;Servicio completo en memoria;1;10;0.05866999999999507
100;Indexada;Texto, filtros, orden y página;Servicio completo en memoria;2;10;0.06501999999999271
100;Indexada;Texto, filtros, orden y página;Servicio completo en memoria;3;10;0.08651999999999589
100;Indexada;Texto, filtros, orden y página;Servicio completo en memoria;4;10;0.16470000000000481
100;Indexada;Texto, filtros, orden y página;Servicio completo en memoria;5;10;0.08725999999999204
100;Indexada;Texto, filtros, orden y página;Servicio completo en memoria;6;10;0.07264999999999873
100;Indexada;Texto, filtros, orden y página;Servicio completo en memoria;7;10;0.0547399999999925
100;Indexada;Texto, filtros, orden y página;Servicio completo en memoria;8;10;0.060990000000003874
100;Indexada;Texto, filtros, orden y página;Servicio completo en memoria;9;10;0.07340000000000373
100;Indexada;Texto, filtros, orden y página;Servicio completo en memoria;10;10;0.060960000000000035
100;Indexada;Texto, filtros, orden y página;Servicio completo en memoria;11;10;0.0546799999999962
100;Indexada;Texto, filtros, orden y página;Servicio completo en memoria;12;10;0.06101999999999634
100;Indexada;Texto, filtros, orden y página;Servicio completo en memoria;13;10;0.05646000000000413
100;Indexada;Texto, filtros, orden y página;Servicio completo en memoria;14;10;0.14202000000000226
100;Indexada;Texto, filtros, orden y página;Servicio completo en memoria;15;10;0.05616999999999735
100;Indexada;Texto, filtros, orden y página;Servicio completo en memoria;16;10;0.06251999999999498
100;Indexada;Texto, filtros, orden y página;Servicio completo en memoria;17;10;0.06893999999999778
100;Indexada;Texto, filtros, orden y página;Servicio completo en memoria;18;10;0.12382000000000062
100;Indexada;Texto, filtros, orden y página;Servicio completo en memoria;19;10;0.05767999999999347
100;Indexada;Texto, filtros, orden y página;Servicio completo en memoria;20;10;0.14042999999999212
1000;Secuencial;Preparar;Preparación;1;1;0.004100000000107684
1000;Secuencial;Preparar;Preparación;2;1;0.0018000000000029104
1000;Secuencial;Preparar;Preparación;3;1;0.0001999999999497959
1000;Secuencial;Preparar;Preparación;4;1;0.0004999999998744897
1000;Secuencial;Preparar;Preparación;5;1;0.0001999999999497959
1000;Secuencial;Preparar;Preparación;6;1;0.00029999999992469384
1000;Secuencial;Preparar;Preparación;7;1;0.00009999999997489795
1000;Secuencial;Preparar;Preparación;8;1;0.0001999999999497959
1000;Secuencial;Preparar;Preparación;9;1;0.0001999999999497959
1000;Secuencial;Preparar;Preparación;10;1;0.0001999999999497959
1000;Secuencial;Preparar;Preparación;11;1;0.00009999999997489795
1000;Secuencial;Preparar;Preparación;12;1;0.00029999999992469384
1000;Secuencial;Preparar;Preparación;13;1;0.00020000000017716957
1000;Secuencial;Preparar;Preparación;14;1;0.0001999999999497959
1000;Secuencial;Preparar;Preparación;15;1;0.0001999999999497959
1000;Secuencial;Preparar;Preparación;16;1;0.0001999999999497959
1000;Secuencial;Preparar;Preparación;17;1;0.0001999999999497959
1000;Secuencial;Preparar;Preparación;18;1;0.0004999999998744897
1000;Secuencial;Preparar;Preparación;19;1;0.0001999999999497959
1000;Secuencial;Preparar;Preparación;20;1;0.0001999999999497959
1000;Indexada;Preparar;Preparación;1;1;0.12860000000000582
1000;Indexada;Preparar;Preparación;2;1;0.49260000000003856
1000;Indexada;Preparar;Preparación;3;1;0.1126000000001568
1000;Indexada;Preparar;Preparación;4;1;0.11690000000021428
1000;Indexada;Preparar;Preparación;5;1;0.0725999999999658
1000;Indexada;Preparar;Preparación;6;1;0.07009999999991123
1000;Indexada;Preparar;Preparación;7;1;0.0703000000000884
1000;Indexada;Preparar;Preparación;8;1;0.06899999999995998
1000;Indexada;Preparar;Preparación;9;1;0.06910000000016225
1000;Indexada;Preparar;Preparación;10;1;0.06989999999996144
1000;Indexada;Preparar;Preparación;11;1;0.06899999999995998
1000;Indexada;Preparar;Preparación;12;1;0.07190000000014152
1000;Indexada;Preparar;Preparación;13;1;0.06929999999988468
1000;Indexada;Preparar;Preparación;14;1;0.0728999999998905
1000;Indexada;Preparar;Preparación;15;1;0.06860000000006039
1000;Indexada;Preparar;Preparación;16;1;0.06930000000011205
1000;Indexada;Preparar;Preparación;17;1;0.40610000000015134
1000;Indexada;Preparar;Preparación;18;1;0.06680000000005748
1000;Indexada;Preparar;Preparación;19;1;0.06500000000005457
1000;Indexada;Preparar;Preparación;20;1;0.06410000000005311
1000;Secuencial;Inicio;Consulta preparada;1;1000;0.00005089999999995598
1000;Secuencial;Inicio;Consulta preparada;2;1000;0.00005060000000003129
1000;Secuencial;Inicio;Consulta preparada;3;1000;0.00005089999999995598
1000;Secuencial;Inicio;Consulta preparada;4;1000;0.00005579999999986285
1000;Secuencial;Inicio;Consulta preparada;5;1000;0.000051199999999880674
1000;Secuencial;Inicio;Consulta preparada;6;1000;0.00013570000000004257
1000;Secuencial;Inicio;Consulta preparada;7;1000;0.00013229999999998655
1000;Secuencial;Inicio;Consulta preparada;8;1000;0.00005170000000020991
1000;Secuencial;Inicio;Consulta preparada;9;1000;0.00005099999999993088
1000;Secuencial;Inicio;Consulta preparada;10;1000;0.00004880000000002838
1000;Secuencial;Inicio;Consulta preparada;11;1000;0.00003590000000008331
1000;Secuencial;Inicio;Consulta preparada;12;1000;0.00003160000000002583
1000;Secuencial;Inicio;Consulta preparada;13;1000;0.00003760000000011132
1000;Secuencial;Inicio;Consulta preparada;14;1000;0.00003210000000012769
1000;Secuencial;Inicio;Consulta preparada;15;1000;0.00002790000000004511
1000;Secuencial;Inicio;Consulta preparada;16;1000;0.000029199999999946157
1000;Secuencial;Inicio;Consulta preparada;17;1000;0.000028800000000046565
1000;Secuencial;Inicio;Consulta preparada;18;1000;0.00003089999999997417
1000;Secuencial;Inicio;Consulta preparada;19;1000;0.000030700000000024375
1000;Secuencial;Inicio;Consulta preparada;20;1000;0.000028800000000046565
1000;Indexada;Inicio;Consulta preparada;1;10000;0.00005582000000001699
1000;Indexada;Inicio;Consulta preparada;2;10000;0.00005401999999999134
1000;Indexada;Inicio;Consulta preparada;3;10000;0.00005896999999999934
1000;Indexada;Inicio;Consulta preparada;4;10000;0.000056799999999998365
1000;Indexada;Inicio;Consulta preparada;5;10000;0.00005117000000000189
1000;Indexada;Inicio;Consulta preparada;6;10000;0.00010516000000000076
1000;Indexada;Inicio;Consulta preparada;7;10000;0.00009097000000001571
1000;Indexada;Inicio;Consulta preparada;8;10000;0.000059979999999995926
1000;Indexada;Inicio;Consulta preparada;9;10000;0.00005367999999998574
1000;Indexada;Inicio;Consulta preparada;10;10000;0.000054950000000008004
1000;Indexada;Inicio;Consulta preparada;11;10000;0.0000335399999999936
1000;Indexada;Inicio;Consulta preparada;12;10000;0.000031660000000010766
1000;Indexada;Inicio;Consulta preparada;13;10000;0.00003435999999999239
1000;Indexada;Inicio;Consulta preparada;14;10000;0.00003269999999999982
1000;Indexada;Inicio;Consulta preparada;15;10000;0.00003109999999999218
1000;Indexada;Inicio;Consulta preparada;16;10000;0.00003100000000001728
1000;Indexada;Inicio;Consulta preparada;17;10000;0.0000307700000000068
1000;Indexada;Inicio;Consulta preparada;18;10000;0.000032549999999991996
1000;Indexada;Inicio;Consulta preparada;19;10000;0.00003466000000000804
1000;Indexada;Inicio;Consulta preparada;20;10000;0.000035410000000001675
1000;Secuencial;Mitad;Consulta preparada;1;1000;0.004551400000000058
1000;Secuencial;Mitad;Consulta preparada;2;1000;0.0038547000000000936
1000;Secuencial;Mitad;Consulta preparada;3;1000;0.0031507999999998903
1000;Secuencial;Mitad;Consulta preparada;4;1000;0.003853399999999965
1000;Secuencial;Mitad;Consulta preparada;5;1000;0.003071999999999889
1000;Secuencial;Mitad;Consulta preparada;6;1000;0.0031291000000001077
1000;Secuencial;Mitad;Consulta preparada;7;1000;0.0035383999999999104
1000;Secuencial;Mitad;Consulta preparada;8;1000;0.003192900000000009
1000;Secuencial;Mitad;Consulta preparada;9;1000;0.004393199999999979
1000;Secuencial;Mitad;Consulta preparada;10;1000;0.0030511000000001333
1000;Secuencial;Mitad;Consulta preparada;11;1000;0.002951099999999997
1000;Secuencial;Mitad;Consulta preparada;12;1000;0.0028806999999999336
1000;Secuencial;Mitad;Consulta preparada;13;1000;0.002941200000000208
1000;Secuencial;Mitad;Consulta preparada;14;1000;0.002886700000000019
1000;Secuencial;Mitad;Consulta preparada;15;1000;0.002905299999999897
1000;Secuencial;Mitad;Consulta preparada;16;1000;0.0029439000000002127
1000;Secuencial;Mitad;Consulta preparada;17;1000;0.0031295000000000073
1000;Secuencial;Mitad;Consulta preparada;18;1000;0.002956899999999905
1000;Secuencial;Mitad;Consulta preparada;19;1000;0.002958900000000085
1000;Secuencial;Mitad;Consulta preparada;20;1000;0.0030410999999999147
1000;Indexada;Mitad;Consulta preparada;1;10000;0.000024369999999998982
1000;Indexada;Mitad;Consulta preparada;2;10000;0.000026340000000004694
1000;Indexada;Mitad;Consulta preparada;3;10000;0.00002054000000000542
1000;Indexada;Mitad;Consulta preparada;4;10000;0.000020289999999999963
1000;Indexada;Mitad;Consulta preparada;5;10000;0.00002300000000000182
1000;Indexada;Mitad;Consulta preparada;6;10000;0.00002337999999999738
1000;Indexada;Mitad;Consulta preparada;7;10000;0.00002160999999998694
1000;Indexada;Mitad;Consulta preparada;8;10000;0.000024630000000001928
1000;Indexada;Mitad;Consulta preparada;9;10000;0.00002363000000000284
1000;Indexada;Mitad;Consulta preparada;10;10000;0.00002140999999999167
1000;Indexada;Mitad;Consulta preparada;11;10000;0.000020820000000003348
1000;Indexada;Mitad;Consulta preparada;12;10000;0.000020590000000015607
1000;Indexada;Mitad;Consulta preparada;13;10000;0.000020959999999990943
1000;Indexada;Mitad;Consulta preparada;14;10000;0.00002093999999999596
1000;Indexada;Mitad;Consulta preparada;15;10000;0.00002038000000000011
1000;Indexada;Mitad;Consulta preparada;16;10000;0.00002318000000000211
1000;Indexada;Mitad;Consulta preparada;17;10000;0.000020830000000000836
1000;Indexada;Mitad;Consulta preparada;18;10000;0.000020989999999983412
1000;Indexada;Mitad;Consulta preparada;19;10000;0.000020630000000005567
1000;Indexada;Mitad;Consulta preparada;20;10000;0.00002075999999999567
1000;Secuencial;Final;Consulta preparada;1;1000;0.0068485000000000585
1000;Secuencial;Final;Consulta preparada;2;1000;0.006078199999999924
1000;Secuencial;Final;Consulta preparada;3;1000;0.006311099999999897
1000;Secuencial;Final;Consulta preparada;4;1000;0.005905099999999948
1000;Secuencial;Final;Consulta preparada;5;1000;0.006557999999999993
1000;Secuencial;Final;Consulta preparada;6;1000;0.005865900000000011
1000;Secuencial;Final;Consulta preparada;7;1000;0.006259499999999889
1000;Secuencial;Final;Consulta preparada;8;1000;0.006138900000000148
1000;Secuencial;Final;Consulta preparada;9;1000;0.007142599999999902
1000;Secuencial;Final;Consulta preparada;10;1000;0.006027399999999943
1000;Secuencial;Final;Consulta preparada;11;1000;0.006108799999999974
1000;Secuencial;Final;Consulta preparada;12;1000;0.00589449999999988
1000;Secuencial;Final;Consulta preparada;13;1000;0.006117400000000089
1000;Secuencial;Final;Consulta preparada;14;1000;0.0070666999999998556
1000;Secuencial;Final;Consulta preparada;15;1000;0.006649800000000141
1000;Secuencial;Final;Consulta preparada;16;1000;0.006945899999999938
1000;Secuencial;Final;Consulta preparada;17;1000;0.006004500000000007
1000;Secuencial;Final;Consulta preparada;18;1000;0.006035599999999931
1000;Secuencial;Final;Consulta preparada;19;1000;0.006195299999999861
1000;Secuencial;Final;Consulta preparada;20;1000;0.0069148000000000135
1000;Indexada;Final;Consulta preparada;1;10000;0.00002234000000000833
1000;Indexada;Final;Consulta preparada;2;10000;0.00002219000000000051
1000;Indexada;Final;Consulta preparada;3;10000;0.00002903000000001157
1000;Indexada;Final;Consulta preparada;4;10000;0.00002360000000001037
1000;Indexada;Final;Consulta preparada;5;10000;0.000020420000000012805
1000;Indexada;Final;Consulta preparada;6;10000;0.000021119999999996254
1000;Indexada;Final;Consulta preparada;7;10000;0.00002148000000001957
1000;Indexada;Final;Consulta preparada;8;10000;0.000021149999999988723
1000;Indexada;Final;Consulta preparada;9;10000;0.000023329999999987195
1000;Indexada;Final;Consulta preparada;10;10000;0.00002440999999998894
1000;Indexada;Final;Consulta preparada;11;10000;0.00002154000000000451
1000;Indexada;Final;Consulta preparada;12;10000;0.00002118999999997868
1000;Indexada;Final;Consulta preparada;13;10000;0.000021490000000017062
1000;Indexada;Final;Consulta preparada;14;10000;0.00002374999999999545
1000;Indexada;Final;Consulta preparada;15;10000;0.000023220000000014807
1000;Indexada;Final;Consulta preparada;16;10000;0.00002417000000000371
1000;Indexada;Final;Consulta preparada;17;10000;0.00002098000000000866
1000;Indexada;Final;Consulta preparada;18;10000;0.000020639999999980317
1000;Indexada;Final;Consulta preparada;19;10000;0.000027060000000005856
1000;Indexada;Final;Consulta preparada;20;10000;0.00002499000000000251
1000;Secuencial;Inexistente;Consulta preparada;1;1000;0.004862199999999803
1000;Secuencial;Inexistente;Consulta preparada;2;1000;0.004622499999999945
1000;Secuencial;Inexistente;Consulta preparada;3;1000;0.00461180000000013
1000;Secuencial;Inexistente;Consulta preparada;4;1000;0.004691699999999855
1000;Secuencial;Inexistente;Consulta preparada;5;1000;0.005102399999999989
1000;Secuencial;Inexistente;Consulta preparada;6;1000;0.004721900000000005
1000;Secuencial;Inexistente;Consulta preparada;7;1000;0.004771200000000135
1000;Secuencial;Inexistente;Consulta preparada;8;1000;0.005148099999999886
1000;Secuencial;Inexistente;Consulta preparada;9;1000;0.00471550000000002
1000;Secuencial;Inexistente;Consulta preparada;10;1000;0.004616199999999935
1000;Secuencial;Inexistente;Consulta preparada;11;1000;0.00475019999999995
1000;Secuencial;Inexistente;Consulta preparada;12;1000;0.004674800000000005
1000;Secuencial;Inexistente;Consulta preparada;13;1000;0.0047225999999998295
1000;Secuencial;Inexistente;Consulta preparada;14;1000;0.0056532999999999445
1000;Secuencial;Inexistente;Consulta preparada;15;1000;0.005644800000000032
1000;Secuencial;Inexistente;Consulta preparada;16;1000;0.004703600000000052
1000;Secuencial;Inexistente;Consulta preparada;17;1000;0.004683500000000095
1000;Secuencial;Inexistente;Consulta preparada;18;1000;0.004987499999999955
1000;Secuencial;Inexistente;Consulta preparada;19;1000;0.00459940000000006
1000;Secuencial;Inexistente;Consulta preparada;20;1000;0.004731499999999869
1000;Indexada;Inexistente;Consulta preparada;1;10000;0.000021090000000003784
1000;Indexada;Inexistente;Consulta preparada;2;10000;0.000021479999999996837
1000;Indexada;Inexistente;Consulta preparada;3;10000;0.00006204999999999927
1000;Indexada;Inexistente;Consulta preparada;4;10000;0.00004296000000001641
1000;Indexada;Inexistente;Consulta preparada;5;10000;0.00002245999999997821
1000;Indexada;Inexistente;Consulta preparada;6;10000;0.000037049999999999274
1000;Indexada;Inexistente;Consulta preparada;7;10000;0.000023240000000009786
1000;Indexada;Inexistente;Consulta preparada;8;10000;0.000022260000000005675
1000;Indexada;Inexistente;Consulta preparada;9;10000;0.000021329999999989013
1000;Indexada;Inexistente;Consulta preparada;10;10000;0.000021810000000004946
1000;Indexada;Inexistente;Consulta preparada;11;10000;0.000021139999999991232
1000;Indexada;Inexistente;Consulta preparada;12;10000;0.000020949999999993452
1000;Indexada;Inexistente;Consulta preparada;13;10000;0.000020849999999995818
1000;Indexada;Inexistente;Consulta preparada;14;10000;0.00002093999999999596
1000;Indexada;Inexistente;Consulta preparada;15;10000;0.000021090000000003784
1000;Indexada;Inexistente;Consulta preparada;16;10000;0.000022219999999992977
1000;Indexada;Inexistente;Consulta preparada;17;10000;0.00002136000000000422
1000;Indexada;Inexistente;Consulta preparada;18;10000;0.00002134999999998399
1000;Indexada;Inexistente;Consulta preparada;19;10000;0.000021119999999996254
1000;Indexada;Inexistente;Consulta preparada;20;10000;0.00002114000000001397
1000;Secuencial;Código final y visibilidad;Servicio completo en memoria;1;1000;0.038764599999999975
1000;Secuencial;Código final y visibilidad;Servicio completo en memoria;2;1000;0.030228600000000144
1000;Secuencial;Código final y visibilidad;Servicio completo en memoria;3;1000;0.029710399999999935
1000;Secuencial;Código final y visibilidad;Servicio completo en memoria;4;1000;0.02961739999999986
1000;Secuencial;Código final y visibilidad;Servicio completo en memoria;5;1000;0.030100099999999883
1000;Secuencial;Código final y visibilidad;Servicio completo en memoria;6;1000;0.027551600000000006
1000;Secuencial;Código final y visibilidad;Servicio completo en memoria;7;1000;0.03514339999999993
1000;Secuencial;Código final y visibilidad;Servicio completo en memoria;8;1000;0.027650300000000017
1000;Secuencial;Código final y visibilidad;Servicio completo en memoria;9;1000;0.031123000000000046
1000;Secuencial;Código final y visibilidad;Servicio completo en memoria;10;1000;0.029513800000000173
1000;Secuencial;Código final y visibilidad;Servicio completo en memoria;11;1000;0.0280775000000001
1000;Secuencial;Código final y visibilidad;Servicio completo en memoria;12;1000;0.028402599999999893
1000;Secuencial;Código final y visibilidad;Servicio completo en memoria;13;1000;0.028587899999999764
1000;Secuencial;Código final y visibilidad;Servicio completo en memoria;14;1000;0.027545700000000124
1000;Secuencial;Código final y visibilidad;Servicio completo en memoria;15;1000;0.03000370000000021
1000;Secuencial;Código final y visibilidad;Servicio completo en memoria;16;1000;0.02699530000000004
1000;Secuencial;Código final y visibilidad;Servicio completo en memoria;17;1000;0.02792880000000014
1000;Secuencial;Código final y visibilidad;Servicio completo en memoria;18;1000;0.028783400000000257
1000;Secuencial;Código final y visibilidad;Servicio completo en memoria;19;1000;0.028486300000000027
1000;Secuencial;Código final y visibilidad;Servicio completo en memoria;20;1000;0.02915610000000015
1000;Indexada;Código final y visibilidad;Servicio completo en memoria;1;1000;0.00016620000000011715
1000;Indexada;Código final y visibilidad;Servicio completo en memoria;2;1000;0.00016030000000000655
1000;Indexada;Código final y visibilidad;Servicio completo en memoria;3;1000;0.0004034999999998945
1000;Indexada;Código final y visibilidad;Servicio completo en memoria;4;1000;0.0002143999999998414
1000;Indexada;Código final y visibilidad;Servicio completo en memoria;5;1000;0.00021880000000010113
1000;Indexada;Código final y visibilidad;Servicio completo en memoria;6;1000;0.00030100000000015824
1000;Indexada;Código final y visibilidad;Servicio completo en memoria;7;1000;0.00010370000000011715
1000;Indexada;Código final y visibilidad;Servicio completo en memoria;8;1000;0.0003106999999999971
1000;Indexada;Código final y visibilidad;Servicio completo en memoria;9;1000;0.0002041999999999007
1000;Indexada;Código final y visibilidad;Servicio completo en memoria;10;1000;0.00011010000000010223
1000;Indexada;Código final y visibilidad;Servicio completo en memoria;11;1000;0.00012670000000002802
1000;Indexada;Código final y visibilidad;Servicio completo en memoria;12;1000;0.00056899999999996
1000;Indexada;Código final y visibilidad;Servicio completo en memoria;13;1000;0.00011790000000019064
1000;Indexada;Código final y visibilidad;Servicio completo en memoria;14;1000;0.00011619999999993524
1000;Indexada;Código final y visibilidad;Servicio completo en memoria;15;1000;0.00011040000000002692
1000;Indexada;Código final y visibilidad;Servicio completo en memoria;16;1000;0.00009679999999980282
1000;Indexada;Código final y visibilidad;Servicio completo en memoria;17;1000;0.0000985000000000582
1000;Indexada;Código final y visibilidad;Servicio completo en memoria;18;1000;0.0001226000000001477
1000;Indexada;Código final y visibilidad;Servicio completo en memoria;19;1000;0.00008019999999987704
1000;Indexada;Código final y visibilidad;Servicio completo en memoria;20;1000;0.00008449999999993452
1000;Secuencial;Texto, filtros, orden y página;Servicio completo en memoria;1;10;0.5806399999999939
1000;Secuencial;Texto, filtros, orden y página;Servicio completo en memoria;2;10;0.5657999999999902
1000;Secuencial;Texto, filtros, orden y página;Servicio completo en memoria;3;10;0.6323699999999917
1000;Secuencial;Texto, filtros, orden y página;Servicio completo en memoria;4;10;0.5946399999999812
1000;Secuencial;Texto, filtros, orden y página;Servicio completo en memoria;5;10;0.5916299999999864
1000;Secuencial;Texto, filtros, orden y página;Servicio completo en memoria;6;10;0.5862700000000132
1000;Secuencial;Texto, filtros, orden y página;Servicio completo en memoria;7;10;0.5776199999999789
1000;Secuencial;Texto, filtros, orden y página;Servicio completo en memoria;8;10;0.5597200000000158
1000;Secuencial;Texto, filtros, orden y página;Servicio completo en memoria;9;10;0.5541000000000167
1000;Secuencial;Texto, filtros, orden y página;Servicio completo en memoria;10;10;0.636640000000034
1000;Secuencial;Texto, filtros, orden y página;Servicio completo en memoria;11;10;0.5786200000000008
1000;Secuencial;Texto, filtros, orden y página;Servicio completo en memoria;12;10;0.57820999999999
1000;Secuencial;Texto, filtros, orden y página;Servicio completo en memoria;13;10;0.6045399999999972
1000;Secuencial;Texto, filtros, orden y página;Servicio completo en memoria;14;10;0.5794800000000123
1000;Secuencial;Texto, filtros, orden y página;Servicio completo en memoria;15;10;0.9134099999999762
1000;Secuencial;Texto, filtros, orden y página;Servicio completo en memoria;16;10;0.5630400000000009
1000;Secuencial;Texto, filtros, orden y página;Servicio completo en memoria;17;10;0.6117699999999786
1000;Secuencial;Texto, filtros, orden y página;Servicio completo en memoria;18;10;0.5619999999999891
1000;Secuencial;Texto, filtros, orden y página;Servicio completo en memoria;19;10;0.6156100000000151
1000;Secuencial;Texto, filtros, orden y página;Servicio completo en memoria;20;10;0.5679500000000189
1000;Indexada;Texto, filtros, orden y página;Servicio completo en memoria;1;10;0.5732100000000173
1000;Indexada;Texto, filtros, orden y página;Servicio completo en memoria;2;10;0.5762000000000171
1000;Indexada;Texto, filtros, orden y página;Servicio completo en memoria;3;10;0.5867099999999936
1000;Indexada;Texto, filtros, orden y página;Servicio completo en memoria;4;10;0.5781700000000001
1000;Indexada;Texto, filtros, orden y página;Servicio completo en memoria;5;10;0.5609599999999773
1000;Indexada;Texto, filtros, orden y página;Servicio completo en memoria;6;10;0.7990800000000036
1000;Indexada;Texto, filtros, orden y página;Servicio completo en memoria;7;10;0.5802499999999782
1000;Indexada;Texto, filtros, orden y página;Servicio completo en memoria;8;10;0.5794400000000224
1000;Indexada;Texto, filtros, orden y página;Servicio completo en memoria;9;10;0.5983400000000074
1000;Indexada;Texto, filtros, orden y página;Servicio completo en memoria;10;10;0.650859999999966
1000;Indexada;Texto, filtros, orden y página;Servicio completo en memoria;11;10;0.6109199999999874
1000;Indexada;Texto, filtros, orden y página;Servicio completo en memoria;12;10;0.5539400000000114
1000;Indexada;Texto, filtros, orden y página;Servicio completo en memoria;13;10;0.5736199999999826
1000;Indexada;Texto, filtros, orden y página;Servicio completo en memoria;14;10;0.5850200000000314
1000;Indexada;Texto, filtros, orden y página;Servicio completo en memoria;15;10;0.6251199999999699
1000;Indexada;Texto, filtros, orden y página;Servicio completo en memoria;16;10;0.5803799999999683
1000;Indexada;Texto, filtros, orden y página;Servicio completo en memoria;17;10;0.5653399999999692
1000;Indexada;Texto, filtros, orden y página;Servicio completo en memoria;18;10;0.764280000000008
1000;Indexada;Texto, filtros, orden y página;Servicio completo en memoria;19;10;0.5528900000000249
1000;Indexada;Texto, filtros, orden y página;Servicio completo en memoria;20;10;0.5595299999999952
10000;Secuencial;Preparar;Preparación;1;1;0.033699999999953434
10000;Secuencial;Preparar;Preparación;2;1;0.0018999999997504347
10000;Secuencial;Preparar;Preparación;3;1;0.0001999999999497959
10000;Secuencial;Preparar;Preparación;4;1;0.001900000000205182
10000;Secuencial;Preparar;Preparación;5;1;0.00020000000040454324
10000;Secuencial;Preparar;Preparación;6;1;0.0028999999999541615
10000;Secuencial;Preparar;Preparación;7;1;0.00020000000040454324
10000;Secuencial;Preparar;Preparación;8;1;0.0019999999999527063
10000;Secuencial;Preparar;Preparación;9;1;0.0001999999999497959
10000;Secuencial;Preparar;Preparación;10;1;0.0010000000002037268
10000;Secuencial;Preparar;Preparación;11;1;0.0001999999999497959
10000;Secuencial;Preparar;Preparación;12;1;0.0009000000000014552
10000;Secuencial;Preparar;Preparación;13;1;0.0001999999999497959
10000;Secuencial;Preparar;Preparación;14;1;0.0016999999998006388
10000;Secuencial;Preparar;Preparación;15;1;0.0001999999999497959
10000;Secuencial;Preparar;Preparación;16;1;0.0005999999998493877
10000;Secuencial;Preparar;Preparación;17;1;0.0001999999999497959
10000;Secuencial;Preparar;Preparación;18;1;0.0012000000001535227
10000;Secuencial;Preparar;Preparación;19;1;0.00010000000020227162
10000;Secuencial;Preparar;Preparación;20;1;0.0014999999998508429
10000;Indexada;Preparar;Preparación;1;1;1.898200000000088
10000;Indexada;Preparar;Preparación;2;1;1.0135000000000218
10000;Indexada;Preparar;Preparación;3;1;1.0171000000000276
10000;Indexada;Preparar;Preparación;4;1;1.0900000000001455
10000;Indexada;Preparar;Preparación;5;1;0.9430999999999585
10000;Indexada;Preparar;Preparación;6;1;1.23929999999973
10000;Indexada;Preparar;Preparación;7;1;1.7597999999998137
10000;Indexada;Preparar;Preparación;8;1;0.8528999999998632
10000;Indexada;Preparar;Preparación;9;1;0.8123000000000502
10000;Indexada;Preparar;Preparación;10;1;0.865099999999984
10000;Indexada;Preparar;Preparación;11;1;0.9358000000001994
10000;Indexada;Preparar;Preparación;12;1;0.8888999999999214
10000;Indexada;Preparar;Preparación;13;1;1.119499999999789
10000;Indexada;Preparar;Preparación;14;1;0.9906000000000859
10000;Indexada;Preparar;Preparación;15;1;0.9200000000000728
10000;Indexada;Preparar;Preparación;16;1;0.8808000000003631
10000;Indexada;Preparar;Preparación;17;1;1.8665000000000873
10000;Indexada;Preparar;Preparación;18;1;0.8482999999996537
10000;Indexada;Preparar;Preparación;19;1;0.8658999999997832
10000;Indexada;Preparar;Preparación;20;1;0.7954999999997199
10000;Secuencial;Inicio;Consulta preparada;1;1000;0.00006159999999999854
10000;Secuencial;Inicio;Consulta preparada;2;1000;0.00005619999999998981
10000;Secuencial;Inicio;Consulta preparada;3;1000;0.00005619999999998981
10000;Secuencial;Inicio;Consulta preparada;4;1000;0.000052700000000186266
10000;Secuencial;Inicio;Consulta preparada;5;1000;0.000053699999999935243
10000;Secuencial;Inicio;Consulta preparada;6;1000;0.00006449999999995271
10000;Secuencial;Inicio;Consulta preparada;7;1000;0.00006079999999974462
10000;Secuencial;Inicio;Consulta preparada;8;1000;0.00006650000000036016
10000;Secuencial;Inicio;Consulta preparada;9;1000;0.000059499999999843566
10000;Secuencial;Inicio;Consulta preparada;10;1000;0.00006989999999996143
10000;Secuencial;Inicio;Consulta preparada;11;1000;0.00006849999999985812
10000;Secuencial;Inicio;Consulta preparada;12;1000;0.0001420000000002801
10000;Secuencial;Inicio;Consulta preparada;13;1000;0.00007159999999976208
10000;Secuencial;Inicio;Consulta preparada;14;1000;0.00010280000000011569
10000;Secuencial;Inicio;Consulta preparada;15;1000;0.0001303000000002612
10000;Secuencial;Inicio;Consulta preparada;16;1000;0.00006919999999990978
10000;Secuencial;Inicio;Consulta preparada;17;1000;0.00003940000000011423
10000;Secuencial;Inicio;Consulta preparada;18;1000;0.000042600000000220464
10000;Secuencial;Inicio;Consulta preparada;19;1000;0.00003980000000001382
10000;Secuencial;Inicio;Consulta preparada;20;1000;0.00003749999999990905
10000;Indexada;Inicio;Consulta preparada;1;10000;0.00004613999999996849
10000;Indexada;Inicio;Consulta preparada;2;10000;0.00004713000000001557
10000;Indexada;Inicio;Consulta preparada;3;10000;0.00004379000000003543
10000;Indexada;Inicio;Consulta preparada;4;10000;0.00004396999999999025
10000;Indexada;Inicio;Consulta preparada;5;10000;0.00004358999999999469
10000;Indexada;Inicio;Consulta preparada;6;10000;0.000043699999999989814
10000;Indexada;Inicio;Consulta preparada;7;10000;0.00004445000000000618
10000;Indexada;Inicio;Consulta preparada;8;10000;0.000046389999999973953
10000;Indexada;Inicio;Consulta preparada;9;10000;0.000047270000000025905
10000;Indexada;Inicio;Consulta preparada;10;10000;0.00004623000000001412
10000;Indexada;Inicio;Consulta preparada;11;10000;0.000049510000000009316
10000;Indexada;Inicio;Consulta preparada;12;10000;0.00004989000000000488
10000;Indexada;Inicio;Consulta preparada;13;10000;0.000051729999999997745
10000;Indexada;Inicio;Consulta preparada;14;10000;0.0000463799999999992
10000;Indexada;Inicio;Consulta preparada;15;10000;0.0000775000000000091
10000;Indexada;Inicio;Consulta preparada;16;10000;0.000026499999999987268
10000;Indexada;Inicio;Consulta preparada;17;10000;0.000023469999999997527
10000;Indexada;Inicio;Consulta preparada;18;10000;0.000024240000000008875
10000;Indexada;Inicio;Consulta preparada;19;10000;0.000026660000000038054
10000;Indexada;Inicio;Consulta preparada;20;10000;0.000024510000000009315
10000;Secuencial;Mitad;Consulta preparada;1;1000;0.03566579999999976
10000;Secuencial;Mitad;Consulta preparada;2;1000;0.03767459999999983
10000;Secuencial;Mitad;Consulta preparada;3;1000;0.03896120000000019
10000;Secuencial;Mitad;Consulta preparada;4;1000;0.03817659999999978
10000;Secuencial;Mitad;Consulta preparada;5;1000;0.03570900000000029
10000;Secuencial;Mitad;Consulta preparada;6;1000;0.03772519999999986
10000;Secuencial;Mitad;Consulta preparada;7;1000;0.03848630000000003
10000;Secuencial;Mitad;Consulta preparada;8;1000;0.038434299999999894
10000;Secuencial;Mitad;Consulta preparada;9;1000;0.04152710000000025
10000;Secuencial;Mitad;Consulta preparada;10;1000;0.035531999999999696
10000;Secuencial;Mitad;Consulta preparada;11;1000;0.03784880000000021
10000;Secuencial;Mitad;Consulta preparada;12;1000;0.038519800000000035
10000;Secuencial;Mitad;Consulta preparada;13;1000;0.0369670000000001
10000;Secuencial;Mitad;Consulta preparada;14;1000;0.03461310000000003
10000;Secuencial;Mitad;Consulta preparada;15;1000;0.03680410000000029
10000;Secuencial;Mitad;Consulta preparada;16;1000;0.03611699999999973
10000;Secuencial;Mitad;Consulta preparada;17;1000;0.036833100000000285
10000;Secuencial;Mitad;Consulta preparada;18;1000;0.03642830000000004
10000;Secuencial;Mitad;Consulta preparada;19;1000;0.037136099999999714
10000;Secuencial;Mitad;Consulta preparada;20;1000;0.03645109999999977
10000;Indexada;Mitad;Consulta preparada;1;10000;0.000033680000000003926
10000;Indexada;Mitad;Consulta preparada;2;10000;0.00005925999999999476
10000;Indexada;Mitad;Consulta preparada;3;10000;0.000023669999999992796
10000;Indexada;Mitad;Consulta preparada;4;10000;0.000023169999999981884
10000;Indexada;Mitad;Consulta preparada;5;10000;0.00002339999999999236
10000;Indexada;Mitad;Consulta preparada;6;10000;0.00004040999999997439
10000;Indexada;Mitad;Consulta preparada;7;10000;0.000023450000000002545
10000;Indexada;Mitad;Consulta preparada;8;10000;0.00002363999999997759
10000;Indexada;Mitad;Consulta preparada;9;10000;0.000024710000000004583
10000;Indexada;Mitad;Consulta preparada;10;10000;0.000024319999999988796
10000;Indexada;Mitad;Consulta preparada;11;10000;0.000023190000000022338
10000;Indexada;Mitad;Consulta preparada;12;10000;0.000023300000000017463
10000;Indexada;Mitad;Consulta preparada;13;10000;0.0000268699999999626
10000;Indexada;Mitad;Consulta preparada;14;10000;0.000022969999999986612
10000;Indexada;Mitad;Consulta preparada;15;10000;0.00002399999999997817
10000;Indexada;Mitad;Consulta preparada;16;10000;0.000025520000000005895
10000;Indexada;Mitad;Consulta preparada;17;10000;0.000029510000000027502
10000;Indexada;Mitad;Consulta preparada;18;10000;0.00002709999999997308
10000;Indexada;Mitad;Consulta preparada;19;10000;0.00003514999999997599
10000;Indexada;Mitad;Consulta preparada;20;10000;0.000025710000000026413
10000;Secuencial;Final;Consulta preparada;1;1000;0.07056390000000011
10000;Secuencial;Final;Consulta preparada;2;1000;0.07614689999999973
10000;Secuencial;Final;Consulta preparada;3;1000;0.0679363000000003
10000;Secuencial;Final;Consulta preparada;4;1000;0.06886380000000009
10000;Secuencial;Final;Consulta preparada;5;1000;0.07105270000000019
10000;Secuencial;Final;Consulta preparada;6;1000;0.06884209999999985
10000;Secuencial;Final;Consulta preparada;7;1000;0.0738089
10000;Secuencial;Final;Consulta preparada;8;1000;0.07602030000000014
10000;Secuencial;Final;Consulta preparada;9;1000;0.07365909999999985
10000;Secuencial;Final;Consulta preparada;10;1000;0.0758108000000002
10000;Secuencial;Final;Consulta preparada;11;1000;0.07419530000000031
10000;Secuencial;Final;Consulta preparada;12;1000;0.07739879999999993
10000;Secuencial;Final;Consulta preparada;13;1000;0.0690671999999995
10000;Secuencial;Final;Consulta preparada;14;1000;0.07219890000000032
10000;Secuencial;Final;Consulta preparada;15;1000;0.07089469999999982
10000;Secuencial;Final;Consulta preparada;16;1000;0.07913010000000031
10000;Secuencial;Final;Consulta preparada;17;1000;0.07107529999999952
10000;Secuencial;Final;Consulta preparada;18;1000;0.07766870000000017
10000;Secuencial;Final;Consulta preparada;19;1000;0.07473059999999987
10000;Secuencial;Final;Consulta preparada;20;1000;0.07141700000000037
10000;Indexada;Final;Consulta preparada;1;10000;0.000020769999999993162
10000;Indexada;Final;Consulta preparada;2;10000;0.000020539999999982683
10000;Indexada;Final;Consulta preparada;3;10000;0.000020949999999993452
10000;Indexada;Final;Consulta preparada;4;10000;0.000021439999999984138
10000;Indexada;Final;Consulta preparada;5;10000;0.000021180000000003927
10000;Indexada;Final;Consulta preparada;6;10000;0.00002363000000000284
10000;Indexada;Final;Consulta preparada;7;10000;0.00002119999999999891
10000;Indexada;Final;Consulta preparada;8;10000;0.000020989999999983412
10000;Indexada;Final;Consulta preparada;9;10000;0.000020600000000013098
10000;Indexada;Final;Consulta preparada;10;10000;0.000020460000000002765
10000;Indexada;Final;Consulta preparada;11;10000;0.000021070000000054278
10000;Indexada;Final;Consulta preparada;12;10000;0.00002074000000002343
10000;Indexada;Final;Consulta preparada;13;10000;0.000021299999999973806
10000;Indexada;Final;Consulta preparada;14;10000;0.000020870000000013534
10000;Indexada;Final;Consulta preparada;15;10000;0.000020970000000033906
10000;Indexada;Final;Consulta preparada;16;10000;0.0000483700000000681
10000;Indexada;Final;Consulta preparada;17;10000;0.000020089999999981957
10000;Indexada;Final;Consulta preparada;18;10000;0.000019989999999961582
10000;Indexada;Final;Consulta preparada;19;10000;0.00002285999999994601
10000;Indexada;Final;Consulta preparada;20;10000;0.00002312000000001717
10000;Secuencial;Inexistente;Consulta preparada;1;1000;0.05886790000000019
10000;Secuencial;Inexistente;Consulta preparada;2;1000;0.055200700000000325
10000;Secuencial;Inexistente;Consulta preparada;3;1000;0.052677800000000385
10000;Secuencial;Inexistente;Consulta preparada;4;1000;0.05790169999999944
10000;Secuencial;Inexistente;Consulta preparada;5;1000;0.060021600000000036
10000;Secuencial;Inexistente;Consulta preparada;6;1000;0.05953879999999936
10000;Secuencial;Inexistente;Consulta preparada;7;1000;0.05626839999999993
10000;Secuencial;Inexistente;Consulta preparada;8;1000;0.05284380000000056
10000;Secuencial;Inexistente;Consulta preparada;9;1000;0.05474709999999959
10000;Secuencial;Inexistente;Consulta preparada;10;1000;0.054793900000000575
10000;Secuencial;Inexistente;Consulta preparada;11;1000;0.060886499999999615
10000;Secuencial;Inexistente;Consulta preparada;12;1000;0.06013329999999951
10000;Secuencial;Inexistente;Consulta preparada;13;1000;0.061416199999999664
10000;Secuencial;Inexistente;Consulta preparada;14;1000;0.054502399999999396
10000;Secuencial;Inexistente;Consulta preparada;15;1000;0.05727720000000045
10000;Secuencial;Inexistente;Consulta preparada;16;1000;0.06014890000000014
10000;Secuencial;Inexistente;Consulta preparada;17;1000;0.05348589999999968
10000;Secuencial;Inexistente;Consulta preparada;18;1000;0.05684910000000036
10000;Secuencial;Inexistente;Consulta preparada;19;1000;0.05535359999999946
10000;Secuencial;Inexistente;Consulta preparada;20;1000;0.054344100000000256
10000;Indexada;Inexistente;Consulta preparada;1;10000;0.00002485999999998967
10000;Indexada;Inexistente;Consulta preparada;2;10000;0.00002320999999992637
10000;Indexada;Inexistente;Consulta preparada;3;10000;0.000021619999999984428
10000;Indexada;Inexistente;Consulta preparada;4;10000;0.000021630000000004657
10000;Indexada;Inexistente;Consulta preparada;5;10000;0.000023070000000006984
10000;Indexada;Inexistente;Consulta preparada;6;10000;0.000022420000000056462
10000;Indexada;Inexistente;Consulta preparada;7;10000;0.00002007999999996173
10000;Indexada;Inexistente;Consulta preparada;8;10000;0.000019840000000021972
10000;Indexada;Inexistente;Consulta preparada;9;10000;0.00002014000000008309
10000;Indexada;Inexistente;Consulta preparada;10;10000;0.00002080000000005384
10000;Indexada;Inexistente;Consulta preparada;11;10000;0.000020100000000002183
10000;Indexada;Inexistente;Consulta preparada;12;10000;0.00001989000000003216
10000;Indexada;Inexistente;Consulta preparada;13;10000;0.000020540000000073634
10000;Indexada;Inexistente;Consulta preparada;14;10000;0.000019940000000042347
10000;Indexada;Inexistente;Consulta preparada;15;10000;0.00003746000000001004
10000;Indexada;Inexistente;Consulta preparada;16;10000;0.000024359999999978754
10000;Indexada;Inexistente;Consulta preparada;17;10000;0.000022329999999965368
10000;Indexada;Inexistente;Consulta preparada;18;10000;0.00002254000000002634
10000;Indexada;Inexistente;Consulta preparada;19;10000;0.000027179999999952997
10000;Indexada;Inexistente;Consulta preparada;20;10000;0.000026940000000013244
10000;Secuencial;Código final y visibilidad;Servicio completo en memoria;1;1000;0.29852410000000057
10000;Secuencial;Código final y visibilidad;Servicio completo en memoria;2;1000;0.30104179999999997
10000;Secuencial;Código final y visibilidad;Servicio completo en memoria;3;1000;0.28990200000000005
10000;Secuencial;Código final y visibilidad;Servicio completo en memoria;4;1000;0.3175726999999997
10000;Secuencial;Código final y visibilidad;Servicio completo en memoria;5;1000;0.29865750000000024
10000;Secuencial;Código final y visibilidad;Servicio completo en memoria;6;1000;0.2911291999999994
10000;Secuencial;Código final y visibilidad;Servicio completo en memoria;7;1000;0.32140520000000017
10000;Secuencial;Código final y visibilidad;Servicio completo en memoria;8;1000;0.3203000000000011
10000;Secuencial;Código final y visibilidad;Servicio completo en memoria;9;1000;0.3213188000000009
10000;Secuencial;Código final y visibilidad;Servicio completo en memoria;10;1000;0.3075092999999997
10000;Secuencial;Código final y visibilidad;Servicio completo en memoria;11;1000;0.30423949999999966
10000;Secuencial;Código final y visibilidad;Servicio completo en memoria;12;1000;0.2952694999999985
10000;Secuencial;Código final y visibilidad;Servicio completo en memoria;13;1000;0.2872332000000006
10000;Secuencial;Código final y visibilidad;Servicio completo en memoria;14;1000;0.29322699999999896
10000;Secuencial;Código final y visibilidad;Servicio completo en memoria;15;1000;0.30303549999999996
10000;Secuencial;Código final y visibilidad;Servicio completo en memoria;16;1000;0.3143732
10000;Secuencial;Código final y visibilidad;Servicio completo en memoria;17;1000;0.29652509999999893
10000;Secuencial;Código final y visibilidad;Servicio completo en memoria;18;1000;0.2919769000000015
10000;Secuencial;Código final y visibilidad;Servicio completo en memoria;19;1000;0.29900730000000114
10000;Secuencial;Código final y visibilidad;Servicio completo en memoria;20;1000;0.29641680000000087
10000;Indexada;Código final y visibilidad;Servicio completo en memoria;1;1000;0.00021129999999993743
10000;Indexada;Código final y visibilidad;Servicio completo en memoria;2;1000;0.0003609999999998763
10000;Indexada;Código final y visibilidad;Servicio completo en memoria;3;1000;0.00010370000000057189
10000;Indexada;Código final y visibilidad;Servicio completo en memoria;4;1000;0.00011189999999987777
10000;Indexada;Código final y visibilidad;Servicio completo en memoria;5;1000;0.0001000000000003638
10000;Indexada;Código final y visibilidad;Servicio completo en memoria;6;1000;0.00022699999999986175
10000;Indexada;Código final y visibilidad;Servicio completo en memoria;7;1000;0.00013339999999880092
10000;Indexada;Código final y visibilidad;Servicio completo en memoria;8;1000;0.00022999999999956345
10000;Indexada;Código final y visibilidad;Servicio completo en memoria;9;1000;0.00012370000000009896
10000;Indexada;Código final y visibilidad;Servicio completo en memoria;10;1000;0.0002687000000005355
10000;Indexada;Código final y visibilidad;Servicio completo en memoria;11;1000;0.00019310000000041328
10000;Indexada;Código final y visibilidad;Servicio completo en memoria;12;1000;0.00034460000000035505
10000;Indexada;Código final y visibilidad;Servicio completo en memoria;13;1000;0.00020020000000113214
10000;Indexada;Código final y visibilidad;Servicio completo en memoria;14;1000;0.0002644000000000233
10000;Indexada;Código final y visibilidad;Servicio completo en memoria;15;1000;0.00011189999999987777
10000;Indexada;Código final y visibilidad;Servicio completo en memoria;16;1000;0.0002327000000004773
10000;Indexada;Código final y visibilidad;Servicio completo en memoria;17;1000;0.00011959999999999127
10000;Indexada;Código final y visibilidad;Servicio completo en memoria;18;1000;0.00017399999999906867
10000;Indexada;Código final y visibilidad;Servicio completo en memoria;19;1000;0.00022600000000056752
10000;Indexada;Código final y visibilidad;Servicio completo en memoria;20;1000;0.0004074000000000524
10000;Secuencial;Texto, filtros, orden y página;Servicio completo en memoria;1;10;6.135720000000037
10000;Secuencial;Texto, filtros, orden y página;Servicio completo en memoria;2;10;6.499889999999868
10000;Secuencial;Texto, filtros, orden y página;Servicio completo en memoria;3;10;6.448869999999988
10000;Secuencial;Texto, filtros, orden y página;Servicio completo en memoria;4;10;6.239000000000123
10000;Secuencial;Texto, filtros, orden y página;Servicio completo en memoria;5;10;6.840499999999883
10000;Secuencial;Texto, filtros, orden y página;Servicio completo en memoria;6;10;6.239960000000065
10000;Secuencial;Texto, filtros, orden y página;Servicio completo en memoria;7;10;6.402870000000076
10000;Secuencial;Texto, filtros, orden y página;Servicio completo en memoria;8;10;6.183389999999963
10000;Secuencial;Texto, filtros, orden y página;Servicio completo en memoria;9;10;6.045000000000073
10000;Secuencial;Texto, filtros, orden y página;Servicio completo en memoria;10;10;6.370459999999912
10000;Secuencial;Texto, filtros, orden y página;Servicio completo en memoria;11;10;6.10062999999991
10000;Secuencial;Texto, filtros, orden y página;Servicio completo en memoria;12;10;6.431160000000091
10000;Secuencial;Texto, filtros, orden y página;Servicio completo en memoria;13;10;5.810150000000067
10000;Secuencial;Texto, filtros, orden y página;Servicio completo en memoria;14;10;5.908070000000043
10000;Secuencial;Texto, filtros, orden y página;Servicio completo en memoria;15;10;5.626040000000103
10000;Secuencial;Texto, filtros, orden y página;Servicio completo en memoria;16;10;5.689319999999862
10000;Secuencial;Texto, filtros, orden y página;Servicio completo en memoria;17;10;5.639930000000095
10000;Secuencial;Texto, filtros, orden y página;Servicio completo en memoria;18;10;5.877640000000065
10000;Secuencial;Texto, filtros, orden y página;Servicio completo en memoria;19;10;5.639919999999984
10000;Secuencial;Texto, filtros, orden y página;Servicio completo en memoria;20;10;5.747720000000117
10000;Indexada;Texto, filtros, orden y página;Servicio completo en memoria;1;10;6.3718500000000855
10000;Indexada;Texto, filtros, orden y página;Servicio completo en memoria;2;10;6.172659999999996
10000;Indexada;Texto, filtros, orden y página;Servicio completo en memoria;3;10;6.148540000000139
10000;Indexada;Texto, filtros, orden y página;Servicio completo en memoria;4;10;6.1249899999998885
10000;Indexada;Texto, filtros, orden y página;Servicio completo en memoria;5;10;5.9456099999999426
10000;Indexada;Texto, filtros, orden y página;Servicio completo en memoria;6;10;6.393059999999968
10000;Indexada;Texto, filtros, orden y página;Servicio completo en memoria;7;10;6.657909999999902
10000;Indexada;Texto, filtros, orden y página;Servicio completo en memoria;8;10;6.151490000000012
10000;Indexada;Texto, filtros, orden y página;Servicio completo en memoria;9;10;6.239229999999952
10000;Indexada;Texto, filtros, orden y página;Servicio completo en memoria;10;10;6.190430000000015
10000;Indexada;Texto, filtros, orden y página;Servicio completo en memoria;11;10;6.205819999999949
10000;Indexada;Texto, filtros, orden y página;Servicio completo en memoria;12;10;6.53765999999996
10000;Indexada;Texto, filtros, orden y página;Servicio completo en memoria;13;10;6.045509999999922
10000;Indexada;Texto, filtros, orden y página;Servicio completo en memoria;14;10;5.790979999999945
10000;Indexada;Texto, filtros, orden y página;Servicio completo en memoria;15;10;6.098220000000038
10000;Indexada;Texto, filtros, orden y página;Servicio completo en memoria;16;10;6.024739999999838
10000;Indexada;Texto, filtros, orden y página;Servicio completo en memoria;17;10;5.735189999999966
10000;Indexada;Texto, filtros, orden y página;Servicio completo en memoria;18;10;5.946720000000096
10000;Indexada;Texto, filtros, orden y página;Servicio completo en memoria;19;10;6.149910000000091
10000;Indexada;Texto, filtros, orden y página;Servicio completo en memoria;20;10;5.799639999999999